Scan	Charge	XcorrScore	ions_matched	ions_total	Peptide
70466	3	8.2162	32	140	LAADEDDDDDDEEDDDEDDDDDDFDDEEAEEKAPVK
71120	3	8.43	35	140	LAADEDDDDDDEEDDDEDDDDDDFDDEEAEEKAPVK
87329	4	1.302	26	192	GLTEGLHGFHVHEFGDNTAGCTSAGPHFNPLSR
102326	4	5.1337	30	222	GILGYTEHQVVSSDFNSDTHSSTFDAGAGIALNDHFVK
102968	4	4.8623	33	222	GILGYTEHQVVSSDFNSDTHSSTFDAGAGIALNDHFVK
103621	4	4.7986	34	222	GILGYTEHQVVSSDFNSDTHSSTFDAGAGIALNDHFVK
107790	3	7.6582	34	84	LTLYDIAHTPGVAADLSHIETK
113974	4	4.3707	36	198	LHEEEIQELQAQIQEQHVQIDVDVSKPDLTAALR
114319	5	1.214	11	240	NDPPMEAAGFTAQVIILNHPGQISAGYAPVLDCHTAHIACK
121180	4	7.9018	33	252	ALANVNIGSLICNVGAGGPAPAAGAAPAGGPAPSTAAAPAEEK
124639	4	5.8161	28	276	TEGNIDDSLIGGNASAEGPEGEGTESTVITGVDIVMNHHLQETSFTK
131364	3	10.786	43	92	VIHDNFGIVEGLMTTVHAITATQK
131926	3	10.6287	40	92	VIHDNFGIVEGLMTTVHAITATQK
